{"00": [0.0, 0.0], "01": [0.0, 0.1], "02": [0.0, 0.2], "03": [0.0, 0.30000000000000004], "04": [0.0, 0.4], "05": [0.0, 0.5], "06": [0.0, 0.6000000000000001], "07": [0.0, 0.7000000000000001], "08": [0.0, 0.8], "09": [0.0, 0.9], "10": [0.1, 0.0], "11": [0.1, 0.1], "12": [0.1, 0.2], "13": [0.1, 0.30000000000000004], "14": [0.1, 0.4], "15": [0.1, 0.5], "16": [0.1, 0.6000000000000001], "17": [0.1, 0.7000000000000001], "18": [0.1, 0.8], "19": [0.1, 0.9], "20": [0.2, 0.0], "21": [0.2, 0.1], "22": [0.2, 0.2], "23": [0.2, 0.30000000000000004], "24": [0.2, 0.4], "25": [0.2, 0.5], "26": [0.2, 0.6000000000000001], "27": [0.2, 0.7000000000000001], "28": [0.2, 0.8], "29": [0.2, 0.9], "30": [0.30000000000000004, 0.0], "31": [0.30000000000000004, 0.1], "32": [0.30000000000000004, 0.2], "33": [0.30000000000000004, 0.30000000000000004], "34": [0.30000000000000004, 0.4], "35": [0.30000000000000004, 0.5], "36": [0.30000000000000004, 0.6000000000000001], "37": [0.30000000000000004, 0.7000000000000001], "38": [0.30000000000000004, 0.8], "39": [0.30000000000000004, 0.9], "40": [0.4, 0.0], "41": [0.4, 0.1], "42": [0.4, 0.2], "43": [0.4, 0.30000000000000004], "44": [0.4, 0.4], "45": [0.4, 0.5], "46": [0.4, 0.6000000000000001], "47": [0.4, 0.7000000000000001], "48": [0.4, 0.8], "49": [0.4, 0.9], "50": [0.5, 0.0], "51": [0.5, 0.1], "52": [0.5, 0.2], "53": [0.5, 0.30000000000000004], "54": [0.5, 0.4], "55": [0.5, 0.5], "56": [0.5, 0.6000000000000001], "57": [0.5, 0.7000000000000001], "58": [0.5, 0.8], "59": [0.5, 0.9], "60": [0.6000000000000001, 0.0], "61": [0.6000000000000001, 0.1], "62": [0.6000000000000001, 0.2], "63": [0.6000000000000001, 0.30000000000000004], "64": [0.6000000000000001, 0.4], "65": [0.6000000000000001, 0.5], "66": [0.6000000000000001, 0.6000000000000001], "67": [0.6000000000000001, 0.7000000000000001], "68": [0.6000000000000001, 0.8], "69": [0.6000000000000001, 0.9], "70": [0.7000000000000001, 0.0], "71": [0.7000000000000001, 0.1], "72": [0.7000000000000001, 0.2], "73": [0.7000000000000001, 0.30000000000000004], "74": [0.7000000000000001, 0.4], "75": [0.7000000000000001, 0.5], "76": [0.7000000000000001, 0.6000000000000001], "77": [0.7000000000000001, 0.7000000000000001], "78": [0.7000000000000001, 0.8], "79": [0.7000000000000001, 0.9], "80": [0.8, 0.0], "81": [0.8, 0.1], "82": [0.8, 0.2], "83": [0.8, 0.30000000000000004], "84": [0.8, 0.4], "85": [0.8, 0.5], "86": [0.8, 0.6000000000000001], "87": [0.8, 0.7000000000000001], "88": [0.8, 0.8], "89": [0.8, 0.9], "90": [0.9, 0.0], "91": [0.9, 0.1], "92": [0.9, 0.2], "93": [0.9, 0.30000000000000004], "94": [0.9, 0.4], "95": [0.9, 0.5], "96": [0.9, 0.6000000000000001], "97": [0.9, 0.7000000000000001], "98": [0.9, 0.8], "99": [0.9, 0.9]}